{
    "loss": 1.3257116079330444,
    "accuracy": 0.9396551847457886
}